일련번호,상호명,지번주소
20397,피씨유저SYSTEM,광주광역시 북구 운암동 420-16
20398,GS25,광주광역시 북구 용봉동 1209-1
20399,GS서영대학교점,광주광역시 북구 운암동 885-43
20400,코리아세븐광주주월3호,광주광역시 남구 주월동 1286-1
20401,CU,광주광역시 서구 농성동 425-4
20402,코리아세븐광주월산2호,광주광역시 남구 월산동 1048-150
20403,CU,광주광역시 동구 충장로5가 24
20404,GS25,광주광역시 광산구 우산동 1037-2
20405,GS25,광주광역시 광산구 월계동 829-8
20406,GS25,광주광역시 서구 풍암동 1058
20407,지스탑,광주광역시 북구 용전동 1224-2
20408,시유광주지석중앙점,광주광역시 남구 지석동 323-3
20409,코리아세븐광주양산휴다음점,광주광역시 북구 양산동 249-38
20410,세븐일레븐광주서석골드점,광주광역시 동구 서석동 98-1
20411,씨유금동중앙,광주광역시 동구 금동 211-6
20412,세븐일레븐광주두암라인점,광주광역시 북구 두암동 916-8
20413,세븐일레븐광주신하남공단점,광주광역시 광산구 오선동 254-6
20414,세븐일레븐,광주광역시 동구 서석동 375
20415,세븐일레븐기독병원,광주광역시 남구 양림동 264
20416,미니스톱,광주광역시 북구 동림동 234
20417,세븐일레븐,광주광역시 광산구 쌍암동 694-34
20418,세븐일레븐,광주광역시 광산구 쌍암동 689-8
20419,GS25,광주광역시 북구 풍향동 602-10
20420,세븐일레븐,광주광역시 광산구 우산동 1613-1
20421,CU,광주광역시 남구 지석동 323-3
20422,세븐일레븐,광주광역시 북구 용봉동 1240-1
20423,미니스톱,광주광역시 광산구 우산동 1606-10
20424,세븐일레븐,광주광역시 광산구 신가동 1008-1
20425,CU,광주광역시 광산구 소촌동 518-1
20426,세븐일레븐광주산수점,광주광역시 동구 산수동 526-21
20427,세븐일레븐,광주광역시 남구 송하동 252
20428,세븐일레븐,광주광역시 서구 치평동 1223-1
20429,세븐일레븐,광주광역시 광산구 소촌동 783-144
20430,코리아세븐광주남부대점,광주광역시 광산구 월계동 864-1
20431,세븐일레븐,광주광역시 서구 풍암동 926-3
20432,미니스톱,광주광역시 서구 쌍촌동 1310-4
20433,세븐일레븐,광주광역시 북구 일곡동 843-1
20434,미래편의점,광주광역시 북구 오치동 752-1
20435,위드미,광주광역시 북구 신안동 7-5
20436,미니스톱,광주광역시 광산구 신가동 975-1
20437,GS25,광주광역시 남구 백운동 32-1
20438,미니스톱,광주광역시 광산구 하남동 752
20439,세븐일레븐,광주광역시 광산구 진곡동 520
20440,CU,광주광역시 북구 문흥동 997-12
20441,세븐일레븐,광주광역시 남구 진월동 513-1
20442,GS25,광주광역시 북구 중흥동 696-13
20443,세븐일레븐광주임동경양점,광주광역시 북구 임동 3-20
20444,오픈편의점,광주광역시 북구 문흥동 1011-5
20445,CU,광주광역시 광산구 신가동 1015-6
20446,CU,광주광역시 남구 방림동 562
20447,코리아세븐마사회광주3층점,광주광역시 동구 계림동 293-4
20448,GS25,광주광역시 북구 일곡동 849-2
20449,알리바이,광주광역시 북구 삼각동 409-3
20450,코리아세븐광주,광주광역시 북구 충효동 443-1
20451,코리아세븐광주월계,광주광역시 광산구 월계동 767-3
20452,세븐일레븐,광주광역시 서구 치평동 1220-1
20453,CU,광주광역시 광산구 선암동 624
20454,미니스톱금동미래점,광주광역시 동구 금동 185-1
20455,GS25,광주광역시 북구 생용동 127-2
20456,코리아세븐광주상무,광주광역시 서구 치평동 1220-1
20457,GS25,광주광역시 동구 광산동 56
20458,군계휴게소편의점,광주광역시 광산구 신가동 1034
20459,CU,광주광역시 광산구 쌍암동 660-6
20460,세븐일레븐,광주광역시 북구 본촌동 3102
20461,GS25,광주광역시 서구 치평동 573-1
20462,CU,광주광역시 광산구 운남동 782-1
20463,GS25,광주광역시 서구 쌍촌동 904
20464,CU,광주광역시 북구 문흥동 787-5
20465,코리아세븐광주풍암베니스점,광주광역시 서구 풍암동 1171
20466,미니스톱,광주광역시 광산구 쌍암동 694-58
20467,씨유통,광주광역시 광산구 월곡동 598-5
20468,코리아세븐광주전대치대점,광주광역시 북구 신안동 475-3
20469,세븐일레븐,광주광역시 서구 금호동 738-1
20470,코리아세븐광주학동도울점,광주광역시 동구 학동 735-16
20471,코리아세븐광주,광주광역시 북구 문흥동 956-13
20472,코리아세븐광주용봉우치점,광주광역시 북구 용봉동 20-18
20473,세븐일레븐,광주광역시 광산구 월계동 864-1
20474,GS25,광주광역시 북구 오치동 776-14
20475,코리아세븐광주매곡서광점서광점,광주광역시 북구 매곡동 290
20476,세븐일레븐,광주광역시 서구 쌍촌동 1252
20477,CU,광주광역시 광산구 우산동 1599-1
20478,미니스톱,광주광역시 광산구 운남동 786-11
20479,GS25,광주광역시 서구 금호동 838-10
20480,씨유타이,광주광역시 남구 노대동 848
20481,위드미,광주광역시 남구 백운동 631-24
20482,코리아세븐광주대인추선점,광주광역시 동구 대인동 163
20483,CU,광주광역시 북구 운암동 1063-5
20484,세븐일레븐,광주광역시 북구 동림동 44-35
20485,GS25,광주광역시 광산구 장덕동 1550
20486,코리아세븐광주쌍촌힐탑점,광주광역시 서구 쌍촌동 1374-4
20487,CU,광주광역시 광산구 신창동 1232-16
20488,CU,광주광역시 광산구 쌍암동 688-2
20489,CU,광주광역시 동구 학동 262-1
20490,미니스톱,광주광역시 북구 임동 316
20491,세븐일레븐,광주광역시 남구 주월동 700
20492,제이씨유스틸,광주광역시 광산구 용동 672-4
20493,코리아세븐광주수완,광주광역시 광산구 신가동 1306
20494,문화예술회관구내매점,광주광역시 북구 운암동 328-16
20593,미니스톱하남우산동,광주광역시 광산구 우산동 1065-1
20594,코리아세븐광주신가선창점,광주광역시 광산구 신가동 1041-1
20595,미니스톱,광주광역시 광산구 선암동 540
20596,CU,광주광역시 서구 동천동 623
20597,Buy,광주광역시 광산구 장덕동 1608
20598,알리바이,광주광역시 서구 화정동 332-18
20599,CU,광주광역시 동구 서석동 435-9
20600,CU,광주광역시 북구 용봉동 155-28
20601,미니스톱첨단문화점,광주광역시 광산구 월계동 885-1
20602,CU,광주광역시 북구 일곡동 817-2
20603,미니스톱,광주광역시 서구 쌍촌동 970-15
20604,세븐일레븐광주진곡점,광주광역시 광산구 진곡동 559
20605,GS25,광주광역시 북구 용봉동 692-12
20606,세븐일레븐광주유동연두점,광주광역시 북구 유동 6-36
20607,세븐일레븐,광주광역시 북구 두암동 351-3
20608,이마트24광주가로수점,광주광역시 동구 광산동 77-3
20609,GS25,광주광역시 광산구 하남동 624
20610,이마트,광주광역시 서구 매월동 946
20611,세븐일레븐,광주광역시 서구 쌍촌동 969-4
20612,GS25,광주광역시 북구 동림동 1149-2
20613,쿠바하우스편의점,광주광역시 북구 오룡동 1-6
20614,CU,광주광역시 광산구 우산동 1610-2
20615,CU첨단중암점,광주광역시 광산구 쌍암동 694-1
20616,CU,광주광역시 남구 진월동 500-14
20617,GS,광주광역시 북구 운암동 130-1
20618,GS25,광주광역시 서구 풍암동 1187
20619,GS25,광주광역시 북구 각화동 505-9
20620,CU,광주광역시 서구 쌍촌동 964-49
20621,세븐일레븐광주운암고가,광주광역시 북구 운암동 489-13
20622,GS25,광주광역시 광산구 신가동 984-20
20623,GS25,광주광역시 북구 두암동 569-3
20624,세븐일레븐,광주광역시 남구 월산동 1003-62
20625,gs25,광주광역시 광산구 신창동 1227-1
20626,신가마트나들가게,광주광역시 광산구 신가동 874-2
20627,세븐일레븐,광주광역시 서구 쌍촌동 986-2
20628,GS25,광주광역시 북구 용두동 306
20629,미니스톱,광주광역시 북구 일곡동 828-6
20630,올더웨이24시마트,광주광역시 동구 금동 185-5
20631,데빌브라운,광주광역시 광산구 월곡동 679-12
20632,GS25,광주광역시 북구 풍향동 602-1
20633,GS25,광주광역시 북구 양산동 796
20634,세븐일레븐,광주광역시 서구 금호동 770-1
20635,미24무인편의점,광주광역시 남구 임암동 728
20636,GS25,광주광역시 서구 금호동 922-16
20637,세븐일레븐,광주광역시 광산구 비아동 712-1
20638,GS25,광주광역시 북구 용두동 1096
20639,CU,광주광역시 서구 유촌동 820-85
20640,세븐일레븐,광주광역시 광산구 우산동 1047-1
20641,위드미전남대상대점,광주광역시 북구 용봉동 1251-16
20642,슈퍼데이365마트,광주광역시 광산구 산월동 886-2
20643,코리아세븐광주신,광주광역시 광산구 오선동 254-6
20644,선진에스씨엠e-mart24상무선진점,광주광역시 서구 치평동 1320-6
20645,세븐일레븐,광주광역시 북구 각화동 587
20646,CU,광주광역시 동구 내남동 902
20647,미니스톱,광주광역시 광산구 진곡동 526
20648,GS25,광주광역시 서구 유촌동 844
20649,GS25,광주광역시 북구 문흥동 1010-1
20650,CU,광주광역시 동구 장동 103-14
20651,남부대학교국제수영장편의점,광주광역시 광산구 월계동 864-1
20652,CU,광주광역시 남구 임암동 728
20653,미니스톱,광주광역시 북구 두암동 288-7
20654,미니스톱,광주광역시 동구 대인동 175-1
20655,CU,광주광역시 광산구 산정동 1023
20656,이마트,광주광역시 광산구 월계동 776-6
20657,이마트,광주광역시 서구 동천동 529
20658,미니스톱,광주광역시 서구 치평동 1171-6
20659,CU,광주광역시 광산구 비아동 682-3
20660,이마트,광주광역시 동구 서석동 375
20661,CU,광주광역시 광산구 장덕동 992-9
20662,알리바이,광주광역시 광산구 소촌동 756-18
20663,코리아세븐광주두암제점,광주광역시 북구 두암동 840-14
20664,CU,광주광역시 광산구 쌍암동 665-5
20665,세븐일레븐,광주광역시 광산구 신창동 1126-3
20666,비지에프리테일마재,광주광역시 서구 금호동 787
20667,미니스톱,광주광역시 서구 풍암동 1063
20668,GS25,광주광역시 동구 동명동 100-9
20669,글로벌하우스,광주광역시 동구 서석동 375
20670,코리아세븐광주풍암2호,광주광역시 서구 풍암동 1111-6
20671,GS25,광주광역시 남구 월산동 948-12
20672,미니스톱,광주광역시 광산구 장덕동 1044
20673,미니스톱,광주광역시 북구 용봉동 9-16
20674,세븐일레븐,광주광역시 북구 우산동 4-6
20675,GS광주,광주광역시 동구 월남동 638
20676,GS25,광주광역시 광산구 운남동 387-34
20677,CU,광주광역시 광산구 산정동 962-1
20678,진도청과건어물,광주광역시 남구 봉선동 179-2
20679,세븐일레븐,광주광역시 북구 용봉동 478-6
20680,미니스톱,광주광역시 광산구 우산동 1574-6
20681,GS25송정도산점,광주광역시 광산구 도산동 1291-6
20682,CU,광주광역시 서구 쌍촌동 1337-3
20683,GS25,광주광역시 북구 본촌동 2912
20684,GS25,광주광역시 서구 치평동 1258-5
20685,GS25,광주광역시 남구 봉선동 984
20686,세븐일레븐,광주광역시 광산구 월곡동 55-13
20687,GS25용봉타운점,광주광역시 북구 용봉동 1255-21
20688,세븐일레븐용봉2호점,광주광역시 북구 용봉동 1378-1
20689,미니스톱,광주광역시 서구 금호동 868
20690,GS25S남광주역점,광주광역시 동구 학동 994
20691,보광훼미리마트동명중앙,광주광역시 동구 동명동 154-73
20790,미니스톱,광주광역시 광산구 우산동 1063-9
20791,세븐일레븐,광주광역시 광산구 산정동 1119
20792,GS25,광주광역시 북구 오룡동 1110-43
20793,GS25,광주광역시 광산구 신창동 1108-1
20794,GS25,광주광역시 북구 오룡동 1114-9
20795,CU상무미니점,광주광역시 서구 치평동 1181-2
20796,CU,광주광역시 남구 양림동 73-12
20797,GS25,광주광역시 북구 용봉동 693-16
20798,GS25,광주광역시 남구 양림동 506
20799,GS25,광주광역시 북구 일곡동 817-5
20800,미니스톱,광주광역시 북구 일곡동 841-4
20801,CU,광주광역시 북구 중흥동 320-1
20802,CU,광주광역시 광산구 쌍암동 695-1
20803,CU,광주광역시 광산구 월곡동 685-1
20804,GS25,광주광역시 북구 매곡동 83-1
20805,GS25,광주광역시 동구 지산동 510-12
20806,CUL-PS,광주광역시 광산구 월계동 893-9
20807,세븐일레븐,광주광역시 서구 농성동 166-10
20808,미니스톱,광주광역시 북구 운암동 116-3
20809,GS25,광주광역시 북구 일곡동 814-3
20810,미니스톱,광주광역시 광산구 옥동 221-3
20811,세븐일레븐,광주광역시 광산구 장덕동 1115
20812,GS25,광주광역시 북구 신용동 772
20813,우리마트,광주광역시 남구 봉선동 1010-1
20814,GS25,광주광역시 광산구 월전동 1237
20815,세븐일레븐,광주광역시 광산구 송정동 1003-189
20816,미니스톱,광주광역시 남구 덕남동 113
20817,애즈웰,광주광역시 북구 일곡동 828-2
20818,GS25,광주광역시 광산구 산정동 917-8
20819,넘버원피싱샵,광주광역시 광산구 오선동 621
20820,CU,광주광역시 광산구 비아동 626-2
20821,GS25,광주광역시 남구 봉선동 235-3
20822,미래편의점,광주광역시 광산구 운남동 456-112
20823,이마트,광주광역시 광산구 월계동 869-2
20824,올마트,광주광역시 북구 동림동 1146-1
20825,미니스톱,광주광역시 광산구 우산동 1586-4
20826,GS25,광주광역시 서구 치평동 1203-1
20827,세븐일레븐,광주광역시 남구 양림동 264
20828,GS25,광주광역시 광산구 신촌동 698-9
20829,코리아세븐광주운암,광주광역시 북구 운암동 110-43
20830,Y-MART생활공감양산점,광주광역시 북구 용두동 311-8
20831,알리바이,광주광역시 북구 양산동 851
20832,24시편의점,광주광역시 동구 학동 664-10
20833,미니스톱,광주광역시 동구 궁동 55-2
20834,GS25주월에이스점,광주광역시 남구 주월동 971-6
20835,CU,광주광역시 북구 운암동 479-30
20836,GS25,광주광역시 광산구 도산동 1294-10
20837,미니스톱,광주광역시 광산구 용동 143-1
20838,미니스톱소촌모아점,광주광역시 광산구 소촌동 290-41
20839,BKMART진월점,광주광역시 남구 진월동 438
20840,세븐일레브,광주광역시 광산구 월계동 827-1
20841,24시편의점,광주광역시 남구 봉선동 127-15
20842,CU,광주광역시 동구 학동 734-2
20843,GS25,광주광역시 북구 양산동 808
20844,미니스톱,광주광역시 동구 월남동 620
20845,CU,광주광역시 북구 용봉동 1197-1
20846,CU,광주광역시 북구 매곡동 42-5
20847,CU,광주광역시 남구 진월동 365-3
20848,CU,광주광역시 광산구 산월동 885-1
20849,CU,광주광역시 북구 연제동 1007
20850,세븐일레븐,광주광역시 서구 쌍촌동 1227-8
20851,GS25,광주광역시 북구 양산동 1035-1
20852,GS25,광주광역시 광산구 우산동 1578-6
20853,미니스톱,광주광역시 북구 충효동 892-4
20854,세븐일레븐,광주광역시 북구 신용동 860
20855,세븐일레븐,광주광역시 남구 봉선동 494
20856,CU,광주광역시 서구 풍암동 1127
20857,CU,광주광역시 서구 매월동 622-8
20858,GS25,광주광역시 남구 진월동 330-23
20859,이마트,광주광역시 광산구 신창동 1239-7
20860,GS25,광주광역시 서구 화정동 1612
20861,GS25,광주광역시 북구 운암동 352-3
20862,세븐일레븐,광주광역시 광산구 산정동 955-12
20863,세븐일레븐,광주광역시 광산구 운남동 769-4
20864,세븐일레븐,광주광역시 북구 오치동 957-10
20865,CU,광주광역시 북구 문흥동 1011-5
20866,미니스톱,광주광역시 광산구 산정동 1146
20867,CU,광주광역시 광산구 도산동 1282-1
20868,CU,광주광역시 남구 주월동 1320
20869,이마트,광주광역시 광산구 도산동 887-1
20870,세븐일레븐,광주광역시 북구 운암동 815
20871,세븐일레븐,광주광역시 광산구 월계동 893-1
20872,GS25,광주광역시 북구 오치동 943-13
20873,미니스톱,광주광역시 광산구 연산동 1187
20874,CU,광주광역시 북구 동림동 1161-1
20875,이마트,광주광역시 북구 우산동 616-6
20876,GS25,광주광역시 동구 계림동 238
20877,GS25,광주광역시 북구 신안동 482-31
20878,GS25,광주광역시 북구 오치동 946-1
20879,CU,광주광역시 광산구 송정동 817-8
20880,CU,광주광역시 광산구 산월동 883-2
20881,이마트,광주광역시 남구 월산동 974-1
20882,레몬비,광주광역시 동구 학동 71-3
20883,데코르#,광주광역시 남구 주월동 974-273
20884,CU,광주광역시 광산구 신가동 1034
20885,미니스톱,광주광역시 남구 지석동 207-5
20886,GS25,광주광역시 서구 화정동 811-14
20887,코리아세븐광주,광주광역시 동구 불로동 157-1
20888,세븐일레븐,광주광역시 광산구 장덕동 975-2
20889,GS25,광주광역시 광산구 운남동 794-3
20890,GS25,광주광역시 북구 오치동 1007
20988,GS25,광주광역시 광산구 신창동 1136-1
20989,알리바이진월점,광주광역시 남구 진월동 422
20990,세븐일레븐,광주광역시 광산구 신창동 468-1
20991,GS25,광주광역시 서구 치평동 1221-2
20992,홈웨이,광주광역시 북구 신안동 127-1
20993,세븐일레븐,광주광역시 서구 광천동 49-1
20994,SEAMANSCUBA,광주광역시 서구 풍암동 1070-1
20995,GS25,광주광역시 북구 용봉동 9-16
20996,GS25,광주광역시 동구 지산동 461-7
20997,아쿰,광주광역시 북구 양산동 254-91
20998,CU,광주광역시 북구 두암동 871-15
20999,편의점,광주광역시 서구 풍암동 1088-3
21000,세븐일레븐,광주광역시 동구 지산동 714-43
21001,세븐일레븐,광주광역시 남구 진월동 500-14
21002,미니스톱,광주광역시 남구 백운동 691
21003,GS25양산호수점,광주광역시 북구 양산동 284-26
21004,CU,광주광역시 북구 운암동 1051-10
21005,GS25,광주광역시 서구 화정동 1701
21006,위드미,광주광역시 광산구 신가동 978-1
21007,CU,광주광역시 광산구 선암동 768
21008,GS25,광주광역시 북구 용봉동 914
21009,세븐일레븐,광주광역시 서구 치평동 1171-4
21010,GS25,광주광역시 서구 쌍촌동 968-1
21011,CU,광주광역시 동구 산수동 541-1
21012,FOCUS,광주광역시 북구 문흥동 787-8
21013,레몬편의점,광주광역시 남구 주월동 974-304
21014,세븐일레븐,광주광역시 북구 삼각동 772-13
21015,황금마트편의점,광주광역시 광산구 신촌동 1087-36
21016,뉴스코마트,광주광역시 북구 두암동 100
21017,GS25,광주광역시 남구 진월동 267
21018,GS25,광주광역시 북구 두암동 875-21
21019,미니스톱,광주광역시 서구 쌍촌동 1331-1
21020,미니스톱,광주광역시 광산구 장덕동 1049
21021,CU,광주광역시 광산구 도천동 295-19
21022,올더웨이중흥점,광주광역시 북구 중흥동 278-27
21023,CU,광주광역시 남구 주월동 968-42
21024,GS25,광주광역시 동구 장동 84-6
21025,GS25신안중앙,광주광역시 북구 신안동 134-9
21026,미니스톱,광주광역시 광산구 소촌동 12-9
21027,Ciga25,광주광역시 북구 두암동 566-2
21028,해피24시편의점,광주광역시 북구 양산동 296
21029,GS편의점광주,광주광역시 동구 금동 48-1
21030,미니스톱우산중앙점,광주광역시 광산구 우산동 1131
21031,세븐일레븐,광주광역시 서구 농성동 642-25
21032,GS25,광주광역시 북구 오치동 1028-15
21033,GS25,광주광역시 광산구 송촌동 276-16
21034,세븐일레븐,광주광역시 광산구 신가동 1225
21035,손찐빵편의점만두,광주광역시 광산구 하산동 139-32
21036,미니스톱조선대병원신관점,광주광역시 동구 학동 30-1
21037,미니스톱,광주광역시 광산구 오선동 273-2
21038,세븐일레븐,광주광역시 광산구 흑석동 524
21039,세븐일레븐,광주광역시 북구 신안동 818
21040,이마트,광주광역시 동구 계림동 215-2
21041,세븐일레븐,광주광역시 북구 용봉동 1488
21042,CU,광주광역시 서구 풍암동 1057
21043,CU,광주광역시 남구 행암동 530
21044,GS25,광주광역시 서구 화정동 858-3
21045,지에스광주산정초점,광주광역시 광산구 산정동 1110
21046,씨스페이스,광주광역시 광산구 도산동 1146-1
21047,GS25,광주광역시 광산구 월계동 755-4
21048,CU,광주광역시 남구 봉선동 490-1
21049,신구멍가게24,광주광역시 서구 동천동 516
21050,광주무등,광주광역시 북구 임동 153-6
21051,세븐일레븐,광주광역시 동구 불로동 157-1
21052,CU,광주광역시 북구 본촌동 320
21053,이마트,광주광역시 남구 지석동 444
21054,CU,광주광역시 북구 연제동 217
21055,세븐일레븐,광주광역시 동구 금남로4가 79-1
21056,세븐일레븐,광주광역시 서구 농성동 671-3
21057,세븐일레븐,광주광역시 광산구 삼거동 840
21058,세븐일레븐,광주광역시 북구 중흥동 342-4
21059,GS25,광주광역시 광산구 수완동 905
21060,CU,광주광역시 남구 봉선동 34-3
21061,GS25,광주광역시 남구 월산동 282-4
21062,CU,광주광역시 북구 중흥동 272-6
21063,세븐일레븐,광주광역시 광산구 우산동 1038-4
21064,GS25,광주광역시 광산구 흑석동 170
21065,CU,광주광역시 남구 구동 1-21
21066,CU,광주광역시 광산구 월계동 765-8
21067,CU,광주광역시 광산구 송정동 965-1
21068,와이어스편의점,광주광역시 북구 오룡동 1110-43
21069,GS25,광주광역시 남구 진월동 571-5
21070,이마트,광주광역시 서구 치평동 1255-19
21071,세븐일레븐,광주광역시 북구 오룡동 1110-43
21072,GS25,광주광역시 북구 중흥동 148
21073,CU,광주광역시 북구 운암동 69
21074,GS25,광주광역시 남구 주월동 1320
21075,GS25,광주광역시 동구 계림동 100-11
21076,GS25,광주광역시 광산구 쌍암동 694-106
21077,미니스톱,광주광역시 광산구 진곡동 502
21078,지에스,광주광역시 서구 풍암동 1003
21079,올나잇24,광주광역시 서구 풍암동 1123-4
21080,CU,광주광역시 북구 문흥동 949-9
21081,세븐일레븐,광주광역시 남구 봉선동 1130-4
21185,올젠롯데수완아울렛점,광주광역시 광산구 장덕동 1678
21186,캉골코리아NC웨이브광주점,광주광역시 동구 충장로4가 29-2
21187,세븐일레븐,광주광역시 북구 용봉동 1035
21188,GS25,광주광역시 광산구 신촌동 682-65
21189,세븐일레븐,광주광역시 북구 오치동 872-1
21190,지에스25조대후문,광주광역시 동구 지산동 510-12
21191,CU,광주광역시 북구 용두동 267-14
21192,GS25,광주광역시 북구 신안동 228-1
21193,미니스톱,광주광역시 북구 신용동 624-14
21194,CU,광주광역시 광산구 장덕동 1646
21195,GS25,광주광역시 동구 운림동 379-1
21196,CU파주서영대학교점,광주광역시 남구 봉선동 170
21197,위드미송정펠릭스점송정펠릭스점,광주광역시 광산구 송정동 763-11
21198,GS25,광주광역시 북구 두암동 968-1
21199,CU,광주광역시 남구 진월동 413-16
21200,CU,광주광역시 북구 매곡동 468-2
21201,GS25,광주광역시 동구 계림동 556-7
21202,GS25,광주광역시 광산구 월계동 893-9
21203,CU,광주광역시 광산구 수완동 1587
21204,코리아세븐용봉3호,광주광역시 북구 용봉동 1224-5
21205,GS25,광주광역시 광산구 송정동 840-2
21206,GS25,광주광역시 동구 서석동 375
21207,허쉬파피,광주광역시 광산구 하남동 831
21208,CU,광주광역시 북구 운암동 969-4
21209,세븐일레븐,광주광역시 북구 두암동 565-2
21210,GS25,광주광역시 북구 우산동 4-3
21211,SMART,광주광역시 북구 매곡동 280-1
21212,GS25,광주광역시 광산구 신창동 1250-9
21213,CU,광주광역시 광산구 비아동 694-5
21214,그린24편의점,광주광역시 서구 농성동 32-27
21215,위드미광주골드점,광주광역시 서구 농성동 417-18
21216,세븐일레븐,광주광역시 북구 용봉동 156-13
21217,코리아세븐운암5호점,광주광역시 북구 운암동 936-9
21218,GS25,광주광역시 서구 금호동 240-2
21219,세븐일레븐,광주광역시 동구 계림동 844
21220,삼익슈퍼,광주광역시 북구 동림동 645
21221,세븐일레븐,광주광역시 서구 쌍촌동 968-1
21222,GS25,광주광역시 북구 일곡동 829-1
21223,위드미,광주광역시 남구 행암동 692
21224,세븐일레븐,광주광역시 동구 학동 728-3
21225,씨제이올리브네트웍스광주,광주광역시 동구 충장로4가 29-2
21226,GS25,광주광역시 북구 용봉동 1150-1
21227,세븐일레븐,광주광역시 동구 광산동 13
21228,GS25,광주광역시 남구 봉선동 114-2
21229,미니스톱문화전당점,광주광역시 동구 금남로1가 19-8
21230,GS25,광주광역시 북구 연제동 1116
21231,GS25,광주광역시 남구 주월동 458-3
21232,GS25,광주광역시 북구 오치동 866-1
21233,STORYWAY,광주광역시 광산구 송정동 1003-1
21234,GS25,광주광역시 광산구 쌍암동 666-4
21379,세븐,광주광역시 남구 진월동 513-1
21380,세븐일레븐,광주광역시 서구 치평동 1202-2
21381,세븐일레븐,광주광역시 광산구 산월동 885-3
21382,GS25,광주광역시 광산구 월계동 821-10
21383,세븐일레븐,광주광역시 북구 연제동 1061
21384,GS25수완원룸점,광주광역시 광산구 수완동 1600
21385,CU,광주광역시 동구 계림동 1815
21386,GS25,광주광역시 북구 용봉동 999
21387,OK마트,광주광역시 북구 양산동 610-17
21388,미니스톱,광주광역시 북구 오룡동 1110-39
21389,CU,광주광역시 동구 학동 1022
21390,GS25,광주광역시 서구 화정동 896-1
21391,GS25송정나비점,광주광역시 광산구 송정동 589-5
21392,미니스톱운암예향점,광주광역시 북구 운암동 412-1
21393,위드미광주월산점,광주광역시 남구 월산동 946-15
21394,CU,광주광역시 서구 치평동 1222-3
21395,GS25,광주광역시 북구 오치동 1022-8
21396,CU,광주광역시 광산구 흑석동 532
21397,GS25,광주광역시 광산구 신창동 855-5
21398,GS25,광주광역시 동구 학동 1012
21399,세븐일레븐,광주광역시 남구 봉선동 150-2
21400,CU,광주광역시 남구 백운동 644-28
21401,세븐일레븐,광주광역시 북구 매곡동 373-15
21402,세븐일레븐,광주광역시 광산구 월계동 790-2
21403,미니스톱,광주광역시 동구 지산동 713-13
21404,GS25,광주광역시 북구 운암동 1038-1
21405,세븐일레븐광주용봉우치점,광주광역시 북구 용봉동 20-18
21406,GS25충장아트,광주광역시 동구 충장로4가 14
21407,세븐일레븐광주운암고가점,광주광역시 북구 운암동 489-13
21408,CU,광주광역시 북구 문흥동 744-6
21409,미니스톱광주연제점,광주광역시 북구 연제동 36-1
21410,세븐일레븐,광주광역시 남구 백운동 213-14
21411,오렌지트라이,광주광역시 남구 진월동 288-1
21412,코리아세븐광주문흥,광주광역시 북구 문흥동 989-18
21413,세븐일레븐광주신가세종점,광주광역시 광산구 신가동 1147
21414,코리아세븐광주용봉,광주광역시 북구 용봉동 1198-1
21415,코리아세븐광주,광주광역시 서구 금호동 752-1
21416,GIGA광주그린카진흥원,광주광역시 광산구 오선동 573
21417,세븐일레븐,광주광역시 북구 양산동 816-2
21418,세븐일레븐광주진월대주점,광주광역시 남구 진월동 252-4
21419,코리아세븐광주신가베르힐점,광주광역시 광산구 신가동 1225
21420,편의점사랑,광주광역시 북구 용봉동 157-29
21421,CU,광주광역시 서구 풍암동 895-19
21422,세븐일레븐,광주광역시 서구 치평동 1250-1
21423,GS25,광주광역시 광산구 월계동 886-5
21424,세븐일레븐,광주광역시 광산구 장덕동 1677
21425,GS25,광주광역시 서구 쌍촌동 1319
21426,세븐일레븐,광주광역시 광산구 쌍암동 694-115
21427,CU용두주공점,광주광역시 북구 용두동 268-12
21574,GS25삼각원룸점,광주광역시 북구 삼각동 820-1
21575,세븐일레븐광주용봉로점,광주광역시 북구 중흥동 335-28
21576,GS25,광주광역시 광산구 월계동 787-2
21577,위드미,광주광역시 광산구 쌍암동 694-35
21578,코리아세븐광주문흥금호점,광주광역시 북구 문흥동 980-1
21579,세븐일레븐,광주광역시 광산구 신가동 1061
21580,미니스톱,광주광역시 서구 쌍촌동 987-7
21581,GS25,광주광역시 북구 문흥동 924-1
21582,CU수완해피점,광주광역시 광산구 수완동 1225
21583,위드미광주그랑시아점,광주광역시 북구 운암동 1059-4
21584,세븐일레븐광주상무이다움점,광주광역시 서구 치평동 1259-4
21585,CU,광주광역시 서구 동천동 648
21586,CU,광주광역시 서구 치평동 1237-2
21587,GS25,광주광역시 광산구 월곡동 685-1
21588,GS25,광주광역시 북구 용봉동 1238-25
21589,세븐일레븐광주용봉대주점,광주광역시 북구 용봉동 1075
21590,GS25,광주광역시 광산구 신창동 1152-10
21591,위드미광주쌍촌점,광주광역시 서구 쌍촌동 294-3
21592,위드미,광주광역시 서구 광천동 49-1
21593,세븐일레븐,광주광역시 광산구 월계동 756-6
21594,위드미광주화정점,광주광역시 서구 화정동 743-47
21595,GS25,광주광역시 서구 쌍촌동 252-4
21596,위드미,광주광역시 남구 봉선동 156
21597,위드미전대치대점,광주광역시 북구 신안동 473-8
21598,미니스톱,광주광역시 광산구 쌍암동 685-6
21599,CU,광주광역시 북구 신용동 684
21600,CU,광주광역시 남구 백운동 653-1
21601,미니스톱,광주광역시 광산구 흑석동 585
21602,우리유통,광주광역시 북구 북동 233-3
21603,GS25,광주광역시 광산구 운수동 25-1
21604,CU봉선금호점,광주광역시 남구 봉선동 518
21605,CU,광주광역시 동구 계림동 898
21606,GS25광주힐스테이점,광주광역시 서구 화정동 618-3
21607,CU,광주광역시 동구 용산동 662
21608,CU,광주광역시 북구 동림동 1330
21609,미니스톱일곡중앙점,광주광역시 북구 일곡동 822-1
21610,GS25,광주광역시 북구 신용동 679
21611,세븐일레븐,광주광역시 남구 봉선동 538-4
21612,CU,광주광역시 광산구 수완동 926
21613,CU,광주광역시 광산구 산정동 1042
21614,GS25,광주광역시 북구 용봉동 1097-10
21615,더치스토리카페,광주광역시 서구 화정동 334-22
21616,코리아세븐광주기독병원점,광주광역시 남구 양림동 264
21617,미니스톱상무,광주광역시 서구 치평동 1198-5
21618,GS25,광주광역시 북구 용두동 311-44
21619,CU,광주광역시 북구 양산동 1047
21620,CU,광주광역시 서구 치평동 1230-3
21621,CU,광주광역시 광산구 산정동 942-1
21622,CU,광주광역시 광산구 신창동 508-24
21767,세븐일레븐,광주광역시 광산구 운수동 25-1
21768,세븐일레븐,광주광역시 서구 농성동 32-27
21769,피씨유져system,광주광역시 북구 운암동 96-2
21770,세븐일레븐,광주광역시 북구 중흥동 288-38
21771,세븐일레븐문흥이호,광주광역시 북구 문흥동 1011-6
21772,CU,광주광역시 북구 용봉동 1216-1
21773,GS25,광주광역시 동구 동명동 182-9
21774,GS25,광주광역시 동구 금남로5가 154-1
21775,미니스톱,광주광역시 북구 본촌동 3016
21776,CU,광주광역시 남구 노대동 871
21777,알리바이,광주광역시 광산구 하남동 650
21778,CU,광주광역시 북구 용봉동 300
21779,세븐일레븐,광주광역시 광산구 월곡동 683-8
21780,GS,광주광역시 서구 쌍촌동 949-2
21781,CU,광주광역시 동구 동명동 240-16
21782,미니스톱월계제일점,광주광역시 광산구 월계동 873-10
21783,세븐일레븐,광주광역시 북구 연제동 478-40
21784,CU,광주광역시 광산구 월계동 761-4
21785,GS25,광주광역시 북구 용봉동 1366-1
21786,CU,광주광역시 광산구 하남동 820
21787,이사시삼육오디씨마트,광주광역시 광산구 신가동 876-23
21788,CU,광주광역시 광산구 수완동 1255
21789,CU,광주광역시 서구 금호동 892
21790,미니스톱,광주광역시 남구 진월동 481-4
21791,세븐일레븐광주첨단메가점,광주광역시 광산구 쌍암동 689-8
21792,GS25,광주광역시 북구 운암동 1011
21793,세븐일레븐,광주광역시 광산구 월곡동 560-10
21794,GS25,광주광역시 동구 소태동 1103
21795,그린365KDB점,광주광역시 서구 양동 60-37
21796,CU,광주광역시 광산구 운남동 456-13
21797,GS25,광주광역시 남구 노대동 827
21798,알리바이,광주광역시 광산구 송정동 800-4
21799,미니스톱,광주광역시 광산구 오선동 661
21800,GS25신가원룸신가원룸,광주광역시 광산구 신가동 984-20
21801,GS25,광주광역시 남구 봉선동 617-5
21802,GS25광주쌍촌,광주광역시 서구 쌍촌동 1278-4
21803,GS,광주광역시 서구 금호동 751-9
21804,GS25,광주광역시 북구 양산동 249-33
21805,세븐일레븐광주쌍촌우미점,광주광역시 서구 쌍촌동 1337
21806,또와스낵,광주광역시 북구 생용동 90
21807,CU,광주광역시 서구 쌍촌동 1295-10
21808,위드미유덕교차로점,광주광역시 서구 유촌동 820-85
21809,CU,광주광역시 서구 화정동 23-19
21810,CU,광주광역시 서구 동천동 694
21811,운암한국병원매점,광주광역시 북구 운암동 1078-11
21812,CU,광주광역시 서구 유촌동 871-3
21813,CU,광주광역시 북구 용봉동 1359-6
21814,미니스톱,광주광역시 남구 진월동 339-7
21815,미니스톱신가중앙점,광주광역시 광산구 신가동 994-3
21816,미니스톱,광주광역시 북구 양산동 101
21964,GS25,광주광역시 서구 농성동 660-3
21965,CU,광주광역시 북구 용봉동 741
21966,미니스톱,광주광역시 광산구 흑석동 537
21967,CU,광주광역시 남구 진월동 483-6
21968,CU,광주광역시 서구 금호동 243-30
21969,CU,광주광역시 북구 문흥동 787-6
21970,GS25수완아뜨리움,광주광역시 광산구 수완동 937
21971,GS25,광주광역시 서구 내방동 847
21972,CU,광주광역시 북구 용두동 285-4
21973,세븐일레븐,광주광역시 북구 우산동 560-7
21974,미니스톱,광주광역시 광산구 월곡동 513-5
21975,미니스톱,광주광역시 북구 용봉동 160-23
21976,세븐일레븐,광주광역시 북구 문흥동 989-18
21977,세븐일레븐,광주광역시 남구 노대동 857
21978,CU,광주광역시 광산구 월전동 2-75
21979,미니스톱,광주광역시 서구 쌍촌동 548-15
21980,세븐일레븐,광주광역시 광산구 옥동 1248
21981,GS25,광주광역시 북구 일곡동 818-4
21982,CU,광주광역시 남구 행암동 713
21983,위드미,광주광역시 동구 계림동 484-23
21984,오케이편의점포차,광주광역시 북구 운암동 936-5
21985,GS25남광주역,광주광역시 동구 학동 994
21986,프리타임,광주광역시 동구 금남로5가 27
21987,훼미리마트화정우량,광주광역시 서구 화정동 900-5
21988,CU,광주광역시 북구 오치동 872-1
21989,미니스톱광주금호점,광주광역시 서구 금호동 761-6
21990,GS25오치마을,광주광역시 북구 오치동 1043-2
21991,CU,광주광역시 북구 본촌동 769-9
21992,알리바이,광주광역시 광산구 신창동 1128-5
21993,세븐일레븐,광주광역시 광산구 임곡동 498
21994,CU,광주광역시 북구 본촌동 3051
21995,세븐일레븐,광주광역시 북구 오치동 971-4
21996,GS25광주역팔영점,광주광역시 북구 신안동 132-5
21997,CU,광주광역시 서구 금호동 240-2
21998,GS25,광주광역시 남구 봉선동 176-2
21999,미니스톱,광주광역시 서구 유촌동 168-2
22000,세븐일레븐,광주광역시 동구 운림동 628
22001,미니스톱광천아름점,광주광역시 서구 광천동 1-6
22002,GS금호,광주광역시 서구 금호동 240-2
22003,이마트,광주광역시 동구 대의동 76-1
22004,장수편의점,광주광역시 광산구 장수동 500-10
22005,세븐일레븐,광주광역시 남구 방림동 556-1
22006,CU,광주광역시 서구 내방동 403-4
22007,CU,광주광역시 서구 풍암동 895
22008,위드미광주송촌점,광주광역시 광산구 송촌동 276-1
22009,미니스톱,광주광역시 서구 화정동 783-5
22010,미니스톱,광주광역시 광산구 산정동 1060
22011,GS25,광주광역시 북구 문흥동 950-8
22012,GS25,광주광역시 서구 쌍촌동 1006-18
22013,CU,광주광역시 북구 운암동 934-8
22160,GS25각화글로벌점,광주광역시 북구 각화동 152-25
22161,CU,광주광역시 서구 치평동 1243
22162,자갈마당,광주광역시 북구 신안동 127-1
22163,홀인원편의마트두암점,광주광역시 북구 두암동 935-8
22164,호남판촉물편의점,광주광역시 서구 치평동 1247-4
22165,이마트,광주광역시 동구 지산동 473-9
22166,TODAY,광주광역시 남구 백운동 635-1
22167,나인업24,광주광역시 동구 학동 734-2
22168,CU,광주광역시 광산구 송정동 758-3
22169,미니스톱사암로점,광주광역시 광산구 도천동 295-7
22170,K1편의점,광주광역시 북구 운암동 940
22171,위드미운암블루시안점,광주광역시 북구 운암동 779-2
22172,데빌브라운,광주광역시 광산구 쌍암동 694-63
22173,CU광주제석산점,광주광역시 남구 봉선동 1077
22174,알리바이,광주광역시 광산구 월계동 891-7
22175,SMART프라자,광주광역시 북구 용봉동 1248-13
22176,GS25,광주광역시 광산구 황룡동 1
22177,이마트24,광주광역시 동구 대의동 76-1
22178,세븐일레븐,광주광역시 북구 연제동 42-8
22179,GS25,광주광역시 북구 신안동 226-14
22180,세븐일레븐,광주광역시 북구 오치동 1025-18
22181,GS25,광주광역시 서구 광천동 650-312
22182,CU,광주광역시 서구 치평동 203-5
22183,GS25,광주광역시 동구 산수동 685
22184,미니스톱,광주광역시 서구 쌍촌동 968-1
22185,미니스톱,광주광역시 광산구 월전동 1133
22186,CU,광주광역시 광산구 산정동 1104
22187,뉴훼밀리편의점,광주광역시 북구 용봉동 1365-22
22188,씨제이올리브네트웍스광주,광주광역시 서구 광천동 234-6
22189,세븐일레븐,광주광역시 광산구 수완동 1682
22190,CU,광주광역시 서구 풍암동 1053
22191,위드미광주유정점,광주광역시 동구 계림동 538-39
22192,CU,광주광역시 북구 두암동 581-33
22193,동산슈퍼,광주광역시 동구 지산동 714-43
22194,오픈편의점,광주광역시 북구 중흥동 355-14
22195,CU,광주광역시 북구 운암동 805-7
22196,GS25방림모아,광주광역시 남구 방림동 556
22197,CU,광주광역시 남구 월산동 271-2
22198,GS25,광주광역시 서구 화정동 782-1
22199,쉼터마트,광주광역시 동구 운림동 959
22200,세븐일레븐,광주광역시 광산구 우산동 1027-4
22201,SSM매점,광주광역시 서구 치평동 1326
22202,GS25,광주광역시 남구 월산동 929-35
22203,GS25,광주광역시 북구 중흥동 334-12
22204,세븐일레븐,광주광역시 광산구 송정동 1003-77
22205,세븐일레븐,광주광역시 동구 서석동 96-3
22206,채널큐,광주광역시 북구 양산동 288-15
22207,CU,광주광역시 북구 망월동 1172-4
22208,CU,광주광역시 광산구 월계동 891-4
22209,GS25,광주광역시 북구 문흥동 185-1
22356,CU,광주광역시 북구 신안동 136-1
22357,세븐일레븐,광주광역시 광산구 임곡동 490-5
22358,그린365,광주광역시 광산구 신창동 1239-7
22359,꼬마아이지에이코리아,광주광역시 북구 용봉동 1425-3
22360,코리아세븐광주서석골드점,광주광역시 동구 서석동 98-1
22361,CU,광주광역시 동구 산수동 715
22362,미니스톱,광주광역시 서구 치평동 1208
22363,이마트,광주광역시 서구 풍암동 1161-9
22364,미니스톱,광주광역시 서구 풍암동 1111
22365,세븐일레븐광주용봉사랑점,광주광역시 북구 용봉동 144-10
22366,CU,광주광역시 광산구 월곡동 538-2
22367,코리아세븐광주오치서하점,광주광역시 북구 오치동 971-5
22368,알리바이,광주광역시 서구 풍암동 1137-11
22369,세븐일레븐,광주광역시 북구 양산동 653
22370,CU,광주광역시 광산구 신창동 1110
22371,위드미광주역점,광주광역시 북구 신안동 1-4
22372,위드미상무지구점,광주광역시 서구 치평동 1220-6
22373,위드미주월삼육점,광주광역시 남구 주월동 440-10
22374,코리아세븐광주,광주광역시 서구 금호동 738-1
22375,cu광주화개점,광주광역시 서구 금호동 892
22376,CU,광주광역시 광산구 월계동 870-7
22377,위드미광주옥동점,광주광역시 광산구 옥동 221-3
22378,세븐일레븐신천힐탑맨션점,광주광역시 서구 쌍촌동 1374-4
22379,알리바이,광주광역시 남구 진월동 421-1
22380,코리아세븐광주신가,광주광역시 광산구 신가동 1008-1
22381,세븐일레븐,광주광역시 북구 임동 97-36
22382,세븐일레븐,광주광역시 광산구 송정동 794-4
22383,코리아세븐광주,광주광역시 북구 운암동 443-24
22384,세븐일레븐,광주광역시 북구 북동 92-24
22385,큰별마트,광주광역시 광산구 월계동 898-11
22386,미니스톱,광주광역시 남구 백운동 32-1
22387,해피데이,광주광역시 북구 용봉동 1358-9
22388,CU,광주광역시 광산구 산월동 886-1
22389,CU,광주광역시 광산구 우산동 1576-4
22390,썬마트,광주광역시 광산구 신가동 1019-2
22391,CU,광주광역시 광산구 신가동 1092
22392,미니스톱,광주광역시 광산구 도산동 868-1
22393,세븐일레븐,광주광역시 광산구 월곡동 495-14
22394,지에스계림,광주광역시 동구 계림동 556-7
22395,코리아세븐광주,광주광역시 북구 두암동 569-12
22396,GS25수완점,광주광역시 광산구 수완동 1377
22397,세븐일레븐,광주광역시 광산구 선암동 588
22398,CU,광주광역시 광산구 월곡동 543-5
22399,코리아세븐광주,광주광역시 광산구 신창동 1128-1
22400,CU,광주광역시 북구 용봉동 555-8
22401,GS25,광주광역시 북구 두암동 903-1
22402,소요람편의점,광주광역시 북구 두암동 968-1
22403,코리아세븐광주,광주광역시 북구 월출동 978-9
22404,세븐일레븐,광주광역시 광산구 송정동 871-35
22550,클릭이십사시편의점,광주광역시 광산구 월계동 758-3
22551,미니스톱운남지구,광주광역시 광산구 운남동 785-4
22552,세븐일레븐,광주광역시 북구 용봉동 584-28
22553,미니스톱,광주광역시 남구 주월동 505-32
22554,동산훼미리마트,광주광역시 북구 두암동 326
22555,CU운천원룸점,광주광역시 서구 쌍촌동 983-29
22556,코리아세븐광주운암타운점,광주광역시 북구 운암동 1030-3
22557,CU,광주광역시 북구 삼각동 778-5
22558,GS25,광주광역시 북구 운암동 130-1
22559,세븐일레븐,광주광역시 북구 신안동 498-4
22560,GS25,광주광역시 남구 송하동 365-1
22561,미니스톱,광주광역시 서구 쌍촌동 1362
22562,프렌드365,광주광역시 광산구 월곡동 702-2
22563,금호편의점,광주광역시 서구 금호동 815
22564,GS25,광주광역시 광산구 신창동 1211-5
22565,위드미광주진곡산단점,광주광역시 광산구 오선동 693
22566,CU,광주광역시 남구 봉선동 460-6
22567,미니스톱,광주광역시 광산구 도산동 582
22568,CU,광주광역시 북구 중흥동 340-24
22569,CU전대햇살점,광주광역시 북구 용봉동 1197-1
22570,GS25,광주광역시 북구 신안동 122-1
22571,CU,광주광역시 남구 봉선동 476-4
22572,CU,광주광역시 동구 계림동 543-1
22573,미니스톱평동월전점,광주광역시 광산구 월전동 1067
22574,세븐일레븐,광주광역시 북구 매곡동 290
22575,코리아세븐광주장덕,광주광역시 광산구 장덕동 1677
22576,미니스톱,광주광역시 광산구 안청동 273-8
22577,세븐일레븐,광주광역시 남구 백운동 494-8
22578,코리아세븐광주신가,광주광역시 광산구 신가동 1147
22579,위드미챔피언스필드2호점,광주광역시 북구 임동 316
22580,연세편의점,광주광역시 북구 동림동 703
22581,CU,광주광역시 북구 우산동 606-5
22582,GS25,광주광역시 북구 두암동 61
22583,위드미광주유정점,광주광역시 동구 계림동 538-38
22584,세븐일레븐,광주광역시 남구 백운동 586-15
22585,CU,광주광역시 광산구 우산동 1604-5
22586,gs25,광주광역시 광산구 월계동 849-5
22587,세븐일레븐,광주광역시 광산구 월곡동 535-6
22588,CU문흥현대점,광주광역시 북구 문흥동 968-2
22589,GS25수완세영점,광주광역시 광산구 장덕동 1111
22590,CU,광주광역시 남구 월산동 192-5
22591,위드미백운현대점,광주광역시 남구 백운동 636-9
22592,CU,광주광역시 광산구 산정동 912-12
22593,CU,광주광역시 동구 계림동 567-1
22594,CU,광주광역시 광산구 오선동 648
22595,CU월계원룸점,광주광역시 광산구 월계동 809-7
22596,세븐일레븐,광주광역시 서구 농성동 418-19
22597,GS25운남9단지점,광주광역시 광산구 월곡동 681-1
22598,CU,광주광역시 남구 진월동 262-3
22599,위드미수완대로점,광주광역시 광산구 신가동 1236
22745,CU,광주광역시 동구 서석동 375
22746,CU,광주광역시 북구 두암동 860-36
22747,GS25,광주광역시 광산구 월계동 797-1
22748,코리아세븐광주산정공원로점,광주광역시 광산구 월곡동 509-8
22749,CU,광주광역시 광산구 월곡동 510-8
22750,미니스톱,광주광역시 광산구 비아동 707-11
22751,CU,광주광역시 서구 매월동 946
22752,알리바이오치점,광주광역시 북구 오치동 572
22753,CU광주서영대점,광주광역시 북구 운암동 789-1
22754,CU하남대로점,광주광역시 광산구 하남동 164-4
22755,CU방림삼거리점,광주광역시 남구 방림동 526-2
22756,세븐일레븐,광주광역시 북구 오치동 861-73
22757,홈마트,광주광역시 동구 산수동 568-1
22758,CU,광주광역시 서구 농성동 635-9
22759,CU,광주광역시 남구 월산동 901-3
22760,CU,광주광역시 북구 효령동 283-2
22761,세븐일레븐,광주광역시 남구 백운동 626-1
22762,세븐일레븐,광주광역시 광산구 비아동 701-9
22763,GS25,광주광역시 북구 각화동 594
22764,CU,광주광역시 북구 오치동 1016-7
22765,CU,광주광역시 북구 오치동 861-1
22766,위드미,광주광역시 동구 산수동 688
22767,세븐일레븐,광주광역시 서구 금호동 73-1
22768,CU,광주광역시 광산구 송정동 555-4
22769,코리아세븐광주소촌이지점,광주광역시 광산구 소촌동 232-6
22770,G25,광주광역시 광산구 신창동 1211-5
22771,CU,광주광역시 서구 농성동 417-18
22772,미니스톱,광주광역시 광산구 수완동 1363
22773,세븐일레븐,광주광역시 북구 운암동 96-5
22774,withme,광주광역시 광산구 도산동 1294-10
22775,CU,광주광역시 북구 신안동 136-7
22776,GS25시,광주광역시 동구 지산동 510-12
22777,CU,광주광역시 북구 양산동 124
22778,CU,광주광역시 동구 산수동 494-12
22779,팝스토어,광주광역시 북구 두암동 561-6
22780,미니스톱두암주공점,광주광역시 북구 두암동 985-1
22781,채널큐,광주광역시 북구 양산동 205-6
22782,CU전대중앙점,광주광역시 북구 용봉동 1226-1
22783,CU주월현대점,광주광역시 남구 주월동 456
22784,알리바이,광주광역시 서구 화정동 23-58
22785,세븐일레븐,광주광역시 남구 서동 241-2
22786,올더웨이,광주광역시 동구 금동 185-5
22787,해빛,광주광역시 서구 치평동 1240-8
22788,CU,광주광역시 서구 풍암동 1117-5
22789,GS25,광주광역시 남구 진월동 382-17
22790,채널큐,광주광역시 동구 지산동 249-4
22791,코리아세븐광주증흥,광주광역시 북구 중흥동 710-10
22792,GS25화정삼익점,광주광역시 서구 화정동 176-2
22793,미니스톱,광주광역시 광산구 월계동 816-2
22794,CU,광주광역시 북구 용봉동 1149-47
22939,미니스톱,광주광역시 광산구 월계동 888-7
22940,미니스톱,광주광역시 광산구 월곡동 537-2
22941,해빛,광주광역시 북구 두암동 566-1
22942,CU,광주광역시 서구 쌍촌동 891-19
22943,CUSK양산주유소점,광주광역시 북구 양산동 610-17
22944,GS25,광주광역시 서구 농성동 631-38
22945,GS25,광주광역시 광산구 신창동 507-17
22946,유투편의점,광주광역시 광산구 선암동 786
22947,훼밀리마트,광주광역시 동구 학동 618-9
22948,그린편의점,광주광역시 서구 매월동 948
22949,GS25봉선라인점,광주광역시 남구 봉선동 985
22950,세븐일레븐,광주광역시 북구 신용동 651
22951,미니스톱,광주광역시 북구 중흥동 277-1
22952,GS25,광주광역시 서구 화정동 740-6
22953,미니스톱,광주광역시 북구 동림동 1149-2
22954,세븐일레븐광주하산점,광주광역시 광산구 하산동 150-1
22955,CU,광주광역시 서구 농성동 670-1
22956,하랑씨유광주제석산점,광주광역시 남구 봉선동 1077
22957,코리아세븐월계차니점,광주광역시 광산구 월계동 790-2
22958,이십사시편의점,광주광역시 남구 양림동 92-39
22959,CU,광주광역시 서구 유촌동 844
22960,GS25,광주광역시 동구 계림동 484-23
22961,CU,광주광역시 남구 월산동 1-4
22962,GS25,광주광역시 남구 서동 291
22963,이마트,광주광역시 광산구 쌍암동 688-4
22964,GS25,광주광역시 북구 풍향동 601-1
22965,GS25,광주광역시 동구 대의동 39
22966,세븐일레븐,광주광역시 서구 풍암동 1171
22967,CU,광주광역시 남구 주월동 106-27
22968,미니스톱,광주광역시 광산구 송정동 843-1
22969,세븐일레븐,광주광역시 광산구 송정동 950-12
22970,GS25,광주광역시 광산구 수완동 1077
22971,미니스톱,광주광역시 북구 두암동 298-5
22972,CU,광주광역시 북구 동림동 885-12
22973,해피데이편의점,광주광역시 동구 충장로1가 8-2
22974,GS25,광주광역시 북구 신안동 143-11
22975,세븐일레븐,광주광역시 북구 일곡동 886-1
22976,광주주월명지점,광주광역시 남구 주월동 700
22977,세븐일레븐,광주광역시 광산구 소촌동 645-2
22978,미니스톱,광주광역시 서구 쌍촌동 979-33
22979,GS25송정사랑병원,광주광역시 광산구 송정동 895-1
22980,GS25,광주광역시 광산구 운남동 387-22
22981,미니스톱,광주광역시 북구 중흥동 327-1
22982,GS25,광주광역시 북구 동림동 1147-2
22983,세븐일레븐,광주광역시 북구 오치동 692-1
22984,GS25,광주광역시 북구 양산동 776
22985,세븐일레븐,광주광역시 남구 노대동 810
22986,미니스톱,광주광역시 광산구 광산동 86
22987,GS25,광주광역시 북구 동림동 1147-1
22988,CU,광주광역시 남구 봉선동 518
23133,세븐일레븐,광주광역시 서구 화정동 743-24
23134,미니스톱,광주광역시 북구 오치동 861-44
23135,세븐일레븐,광주광역시 북구 유동 109-6
23136,CU,광주광역시 남구 진월동 567
23137,코리아세븐광주,광주광역시 광산구 장덕동 1338
23138,미니스톱,광주광역시 북구 문흥동 742-1
23139,EVERYMART,광주광역시 광산구 신창동 1222-4
23140,GS25,광주광역시 북구 용봉동 1199-10
23141,GS25,광주광역시 남구 진월동 592-1
23142,CU,광주광역시 북구 동림동 755-3
23143,CU,광주광역시 광산구 신가동 1048
23144,미니스톱하남손재로점,광주광역시 광산구 하남동 440-15
23145,케이지세븐일레븐광주광천터미널,광주광역시 서구 광천동 49-1
23146,미니스톱,광주광역시 동구 학동 8
23147,세븐일레븐,광주광역시 남구 봉선동 560-6
23148,세븐일레븐,광주광역시 서구 매월동 601-6
23149,알리바이,광주광역시 광산구 장덕동 1330
23150,CU,광주광역시 광산구 우산동 1079-4
23151,알리바이,광주광역시 광산구 신창동 1123-4
23152,CU,광주광역시 서구 풍암동 926
23153,세븐일레븐,광주광역시 광산구 월전동 1217
23154,미니스톱,광주광역시 동구 동명동 231
23155,CU,광주광역시 동구 계림동 1621
23156,GS25,광주광역시 서구 화정동 965
23157,GS25,광주광역시 광산구 도천동 532-6
23158,GS25,광주광역시 서구 쌍촌동 879
23159,미니스톱,광주광역시 광산구 월계동 805-6
23160,CU,광주광역시 남구 행암동 539
23161,GS25,광주광역시 광산구 흑석동 585
23162,롤리팝상무리채점,광주광역시 서구 치평동 1218
23163,CU,광주광역시 서구 화정동 335
23164,CU,광주광역시 광산구 선암동 506
23165,코리아세븐광주,광주광역시 서구 농성동 642-25
23166,GS25,광주광역시 동구 금동 211-6
23167,중앙매점,광주광역시 광산구 신가동 327-13
23168,세븐일레븐,광주광역시 남구 양림동 66-38
23169,CU,광주광역시 서구 풍암동 682-19
23170,미니스톱,광주광역시 북구 임동 104-8
23171,GS25,광주광역시 광산구 산정동 165
23172,응응스크르광천,광주광역시 서구 광천동 713-7
23173,세븐일레븐,광주광역시 광산구 장덕동 1678
23174,이마트,광주광역시 남구 진월동 867-16
23175,코리아세븐광주,광주광역시 북구 운암동 489-13
23176,CU,광주광역시 광산구 운남동 777-3
23177,에이치에이시스템조선이공,광주광역시 동구 서석동 290
23178,GS25,광주광역시 광산구 선암동 555
23179,디엠,광주광역시 남구 송하동 365-1
23180,CU,광주광역시 북구 연제동 1119
23181,GS25,광주광역시 북구 연제동 1119
23182,미니스톱,광주광역시 광산구 신창동 1108-3
23183,미니스톱,광주광역시 광산구 신창동 1292
23280,세븐일레븐광주첨단병원점,광주광역시 광산구 쌍암동 665-1
23281,GS25,광주광역시 동구 학동 65-1
23282,GS25,광주광역시 광산구 신창동 1273-2
23283,대학로명과24시편의점,광주광역시 북구 신안동 213-5
23284,GS25,광주광역시 남구 봉선동 985
23285,CU,광주광역시 북구 오치동 941-1
23286,개미24시편의점,광주광역시 동구 계림동 558-6
23287,알리바이,광주광역시 서구 쌍촌동 249-8
23288,SUPERMART,광주광역시 북구 용봉동 1241-28
23289,코리아탑베큠,광주광역시 광산구 비아동 686-1
23290,세븐일레븐광주내방주공점,광주광역시 서구 내방동 581-4
23291,솔강,광주광역시 북구 용봉동 1378-1
23292,비타민마트,광주광역시 남구 백운동 629-12
23293,미니스톱광주지점,광주광역시 광산구 우산동 1589-1
23294,미니스톱동천주공,광주광역시 서구 동천동 704
23295,한국미니스톱호남지점무등경기장점,광주광역시 북구 임동 316
23296,CU,광주광역시 광산구 우산동 1587-1
23297,365편의점,광주광역시 북구 오치동 984-2
23298,코리아세븐광주,광주광역시 북구 용봉동 1240-1
23299,CU,광주광역시 남구 진월동 214-2
23300,세븐일레븐,광주광역시 광산구 송정동 791-12
23301,한샘키친바흐광주전시장점,광주광역시 서구 치평동 1243
23302,세븐일레븐,광주광역시 광산구 송정동 710-3
23303,오렌지편의점,광주광역시 서구 화정동 742-6
23304,미니스톱,광주광역시 광산구 쌍암동 664-5
23305,세븐일레븐,광주광역시 광산구 월곡동 313-29
23306,애드존24,광주광역시 북구 풍향동 597-13
23307,세븐일레븐,광주광역시 동구 계림동 293-7
23308,미니스톱,광주광역시 남구 진월동 567-3
23309,모던하우스충장점,광주광역시 동구 충장로4가 29-2
23310,알리바이,광주광역시 북구 용봉동 1199-10
23311,올젠신세계광주점,광주광역시 서구 광천동 49-1
23312,위드미,광주광역시 동구 지산동 63-1
23313,클루광주첨단점,광주광역시 광산구 월계동 890-2
23314,코리아세븐광주,광주광역시 동구 계림동 1596
23315,이마트,광주광역시 서구 치평동 1218-2
23316,마이도시편의점,광주광역시 남구 구동 12
23317,CU,광주광역시 북구 두암동 304-49
23318,만다리나덕,광주광역시 서구 광천동 49-1
23319,CU,광주광역시 북구 두암동 968-1
23320,CU,광주광역시 남구 주월동 1328
23321,GS25첨단공단점,광주광역시 북구 대촌동 958-20
23322,CU,광주광역시 남구 봉선동 606
23323,남성크로커다일광주NC백화점,광주광역시 북구 신안동 6-1
23324,CU,광주광역시 동구 지산동 503-5
23325,세븐일레븐,광주광역시 북구 두암동 888-2
23326,CU운남주공점,광주광역시 광산구 운남동 776-3
23327,코리아세븐광주,광주광역시 남구 봉선동 490-1
23328,미니스톱,광주광역시 서구 치평동 1262-5
23329,세븐일레븐,광주광역시 광산구 월곡동 698-2
23330,CU,광주광역시 동구 운림동 670-4
23331,세븐,광주광역시 서구 광천동 49-1
23332,CU,광주광역시 광산구 신가동 1202
23333,그린복권전문편의점,광주광역시 서구 내방동 477-6
23334,씨유정보통신,광주광역시 광산구 신가동 1001-6
23335,세븐일레븐,광주광역시 서구 농성동 392-5
23336,세븐일레븐광주전대치대점,광주광역시 북구 신안동 475-3
23337,세븐일레븐,광주광역시 동구 금남로5가 74-5
23338,코리아세븐광주신안다이아점,광주광역시 북구 신안동 498-4
23339,CU,광주광역시 북구 중흥동 279-3
23340,GS25,광주광역시 서구 쌍촌동 1340-5
23341,S마트,광주광역시 남구 진월동 250-8
23342,코리아세븐광주,광주광역시 광산구 쌍암동 694-34
23343,CU,광주광역시 광산구 월전동 1193
23344,세븐일레븐,광주광역시 광산구 신가동 968-12
23345,CU,광주광역시 북구 오치동 977-1
23346,CU,광주광역시 서구 화정동 831-8
23347,GS,광주광역시 서구 농성동 631-38
23348,CU,광주광역시 남구 송하동 425-5
23349,CU,광주광역시 광산구 운남동 525-3
23350,CU,광주광역시 동구 학동 750-74
23351,CU,광주광역시 남구 백운동 591-1
23352,세븐일레븐무역회관점,광주광역시 광산구 우산동 1594-1
23353,CU,광주광역시 남구 월산동 1018-40
23354,동키호테편의점,광주광역시 서구 풍암동 935-7
23355,CU,광주광역시 광산구 우산동 1591-7
23356,CU,광주광역시 서구 치평동 1168-1
23357,코리아세븐광주신창,광주광역시 광산구 신창동 1199-8
23358,GS25,광주광역시 서구 화정동 859-1
23359,코리아세븐광주두암,광주광역시 북구 두암동 916-8
23360,GS25광주예가점,광주광역시 북구 용봉동 999
23361,코리아세븐광주하남,광주광역시 광산구 도천동 376-2
23362,미니스톱,광주광역시 서구 농성동 481-8
23363,CU,광주광역시 광산구 선암동 549
23364,CU,광주광역시 광산구 선암동 553
23365,세븐일레븐,광주광역시 광산구 우산동 1057-7
23366,이마트,광주광역시 광산구 월계동 768-7
23367,CU,광주광역시 광산구 쌍암동 675-3
23368,세븐,광주광역시 북구 운암동 110-51
23369,GS25,광주광역시 북구 용봉동 1031
23370,CU,광주광역시 북구 신용동 655
23371,CU,광주광역시 동구 계림동 1113
23372,CU,광주광역시 북구 신용동 809
23373,CU,광주광역시 서구 쌍촌동 952-12
23374,그린25,광주광역시 서구 치평동 1240-8
23375,코리아세븐광주도산셜록홈즈점,광주광역시 광산구 도산동 832
23376,CU,광주광역시 북구 두암동 568-8
23377,CU,광주광역시 북구 양산동 355
23378,미니스톱,광주광역시 북구 운암동 90-1
23476,전남대학교 대학원,광주광역시 북구 용봉동 300
23477,전남대학교 치의학전문대학원,광주광역시 북구 용봉동 300
23478,전남대학교 경영전문대학원,광주광역시 북구 용봉동 300
23479,전남대학교 식물방역대학원,광주광역시 북구 용봉동 300
23480,전남대학교 산업대학원,광주광역시 북구 용봉동 300
23481,전남대학교 교육대학원,광주광역시 북구 용봉동 300
23482,전남대학교,광주광역시 북구 용봉동 300
23483,한국폴리텍 V 대학 광주캠퍼스,광주광역시 북구 운암동 237-35
23484,서영대학교,광주광역시 북구 운암동 산 152
23485,광주교육대학교 교육대학원,광주광역시 북구 풍향동 1-1
23486,광주교육대학교,광주광역시 북구 풍향동 1-1
23487,동강대학교,광주광역시 북구 두암동 771
23488,광신대학교 신학대학원,광주광역시 북구 본촌동 132-1
23489,광신대학교 사회복지대학원,광주광역시 북구 본촌동 132-1
23490,광신대학교 음악대학원,광주광역시 북구 본촌동 132-1
23491,광신대학교 상담치료대학원,광주광역시 북구 본촌동 132-1
23492,광신대학교,광주광역시 북구 본촌동 132-1
23493,광신대학교 국제대학원,광주광역시 북구 본촌동 132-1
23494,광신대학교 대학원,광주광역시 북구 본촌동 132-1
23495,광주과학기술원,광주광역시 북구 오룡동 1
23496,광주과학기술원 일반대학원,광주광역시 북구 오룡동 1
23497,호남대학교 교육대학원,광주광역시 광산구 서봉동 9
23498,호남대학교 사회융합대학원,광주광역시 광산구 서봉동 11
23499,호남대학교,광주광역시 광산구 서봉동 61-1
23500,호남대학교 일반대학원,광주광역시 광산구 서봉동 9
23501,남부대학교,광주광역시 광산구 월계동 864-1
23502,남부대학교 교육대학원,광주광역시 광산구 월계동 864-1
23503,남부대학교 문화복지대학원,광주광역시 광산구 월계동 864-1
23504,남부대학교 일반대학원,광주광역시 광산구 월계동 864-1
23505,광주보건대학교,광주광역시 광산구 신창동 683-3
23506,광주여자대학교,광주광역시 광산구 산정동 산 105-1
23507,광주여자대학교 사회개발대학원,광주광역시 광산구 산정동 산 105-1
23508,광주여자대학교 교육대학원,광주광역시 광산구 산정동 산 105-1
23509,광주여자대학교 일반대학원,광주광역시 광산구 산정동 산 105-1
25873,조선대학교 보건대학원,광주광역시 동구 서석동 300
25874,조선대학교 정책대학원,광주광역시 동구 서석동 291
25875,조선대학교 교육대학원,광주광역시 동구 서석동 375
25876,조선대학교,광주광역시 동구 서석동 375
25877,조선이공대학교,광주광역시 동구 서석동 240
25878,조선대학교 대학원,광주광역시 동구 서석동 243
25879,조선대학교 임상약학대학원,광주광역시 동구 서석동 300
25880,조선대학교 산업기술창업대학원,광주광역시 동구 서석동 300
25881,조선대학교 경영대학원,광주광역시 동구 서석동 1008-15
25882,조선대학교 디자인대학원,광주광역시 동구 서석동 산 92
25883,조선간호대학교,광주광역시 동구 서석동 280
25884,광주대학교,광주광역시 남구 진월동 592-1
25885,광주대학교 보건상담정책대학원,광주광역시 남구 진월동 592-1
25886,광주대학교 일반대학원,광주광역시 남구 진월동 592-1
25887,광주대학교 사회복지전문대학원,광주광역시 남구 진월동 592-1
25888,송원대학교 휴먼산업대학원,광주광역시 남구 송하동 417-2
25889,송원대학교,광주광역시 남구 송하동 365-13
25890,호남신학대학교,광주광역시 남구 양림동 108
25891,호남신학대학교 상담대학원,광주광역시 남구 양림동 108
25892,호남신학대학교 신학대학원,광주광역시 남구 양림동 108
25893,호남신학대학교 교회음악대학원,광주광역시 남구 양림동 108
25894,호남신학대학교 대학원,광주광역시 남구 양림동 108
25895,기독간호대학교,광주광역시 남구 양림동 67-1
25896,호남신학대학교 사회복지대학원,광주광역시 남구 양림동 108
25897,전남대학교 법학전문대학원,광주광역시 북구 용봉동 300
25898,전남대학교 정책대학원,광주광역시 북구 용봉동 300
25899,전남대학교 데이터사이언스대학원,광주광역시 북구 용봉동 300
25900,전남대학교 문화전문대학원,광주광역시 북구 용봉동 300
27412,광주광역정신건강복지센터,광주광역시 동구 학동 67
27413,광주광역자살예방센터,광주광역시 동구 학동 67
27416,남구정신건강복지센터,광주광역시 남구 봉선동 1096-1
27418,광산구정신건강복지센터,광주광역시 광산구 송정동 1352
